codigouf,estado,uf,capital,regiao,lat,long,Area,Amazônia,Mata Atlântica,Caatinga,Cerrado,Pantanal,Pampa
11,Rondônia,RO,Porto Velho,Norte,-10.83,-63.34,"237754.171",99,,,1,,
12,Acre,AC,Rio Branco,Norte,-8.77,-70.55,"164082.960",100,,,,,
13,Amazonas,AM,Manaus,Norte,-3.47,-65.10,"1558706.127",100,,,,,
14,Roraima,RR,Boa Vista,Norte,1.99,-61.33,"223505.385",100,,,,,
15,Pará,PA,Belém,Norte,-3.79,-52.48,"1245828.829",,98,,2,,
16,Amapá,AP,Macapá,Norte,1.41,-51.77,"142253.880",100,,,,,
17,Tocantins,TO,Palmas,Norte,-9.46,-48.26,"277423.627",9,,,91,,
21,Maranhão,MA,São Luís,Nordeste,-5.42,-45.44,"329651.478",34,,1,65,,
22,Piaui,PI,Teresina,Nordeste,-6.60,-42.28,"251755.499",,,63,37,,
23,Ceará,CE,Fortaleza,Nordeste,-5.20,-39.53,"148894.444",,,100,,,
24,Rio Grande do Norte,RN,Natal,Nordeste,-5.81,-36.59,"52809.599",,5,95,,,
25,Paraiba,PB,João Pessoa,Nordeste,-7.28,-36.72,"56467.242",,8,92,,,
26,Pernambuco,PE,Recife,Nordeste,-8.38,-37.86,"98067.879",,17,83,,,
27,Alagoas,AL,Maceió,Nordeste,-9.62,-36.82,"27830.661",,52,48,,,
28,Sergipe,SE,Aracaju,Nordeste,-10.57,-37.45,"21938.188",,68,,32,,
29,Bahia,BA,Salvador,Nordeste,-13.29,-41.71,"564760.429",,19,54,27,,
31,Minas Gerais,MG,Belo Horizonte,Sudeste,-18.10,-44.38,"586513.984",,41,2,57,,
32,Espírito Santo,ES,Vitória,Sudeste,-19.19,-40.34,"46074.448",,100,,,,
33,Rio de Janeiro,RJ,Rio de Janeiro,Sudeste,-22.25,-42.66,"43750.425",,100,,,,
35,São Paulo,SP,São Paulo,Sudeste,-22.19,-48.79,"248219.485",,51,49,,,
41,Paraná,PR,Curitiba,Sul,-24.89,-51.55,"199298.981",100,,,,,
42,Santa Catarina,SC,Florianópolis,Sul,-27.45,-50.95,"95730.690",,100,,,,
43,Rio Grande do Sul,RS,Porto Alegre,Sul,-30.17,-53.50,"281707.151",,37,,,,63
50,Mato Grosso do Sul,MS,Campo Grande,Centro-Oeste,-20.51,-54.54,"357142.010",,14,,61,25,
51,Mato Grosso,MT,Cuiabá,Centro-Oeste,-12.64,-55.42,"903208.362",54,,,39,7,
52,Goias,GO,Goiânia,Centro-Oeste,-15.98,-49.86,"340242.860",,3,,97,,
53,Distrito Federal,DF,Brasília,Centro-Oeste,-15.83,-47.86,"5760.783",,,,100,,
